signal_id,created_at,symbol,side,price,score,entry,stop,tp1,tp2,rr1,rr2,turnover24h_m,change24h_pct,funding_pct,btc_regime,btc_score_delta,oi_change_pct,price_change_oi_window_pct,oi_score_delta,oi_signal,reason,selected,manual_comment,smc_score_delta,smc_bias,smc_event,smc_zone,smc_reason
20260512_105150_LDOUSDT_LONG,2026-05-12T07:51:50.646522+00:00,LDOUSDT,long,0.4042,10,0.402179 - 0.405008,0.371036,0.4566,0.470529,1.58,2.0,57.3,-4.65,-0.0103,BTC 4H weak/neutral,-1,16.49,1.15,1,price up + OI up: long confirmation,"1D uptrend, 4H above EMA50, near support, RR1 >= 1.5, RR2 >= 2, RSI not overheated, funding ok, BTC weak/neutral, OI confirms",,,,,,,
20260512_105150_TONUSDT_LONG,2026-05-12T07:51:50.646522+00:00,TONUSDT,long,2.439,9,2.426805 - 2.443878,2.253178,2.8092,2.810645,1.99,2.0,175.1,6.4,0.005,BTC 4H weak/neutral,-1,-8.6,-5.23,0,price down + OI down: deleveraging,"1D uptrend, 4H above EMA50, near support, RR1 >= 1.5, RR2 >= 2, RSI not overheated, funding ok, BTC weak/neutral",,,,,,,
20260512_105150_DOGEUSDT_LONG,2026-05-12T07:51:50.646522+00:00,DOGEUSDT,long,0.10996,8,0.10941 - 0.11018,0.105052,0.1128,0.119776,0.58,2.0,145.5,0.77,-0.0046,BTC 4H weak/neutral,-1,12.83,2.46,1,price up + OI up: long confirmation,"1D uptrend, 4H above EMA50, near support, RR2 >= 2, RSI not overheated, funding ok, BTC weak/neutral, OI confirms",,,,,,,
20260512_105150_ZECUSDT_LONG,2026-05-12T07:51:50.646522+00:00,ZECUSDT,long,562.55,8,559.73725 - 563.6751,540.543714,642.79,606.562571,3.65,2.0,101.7,-1.05,0.01,BTC 4H weak/neutral,-1,-4.04,-1.89,0,price down + OI down: deleveraging,"1D uptrend, 4H above EMA50, near support, RR1 >= 1.5, RR2 >= 2, funding ok, BTC weak/neutral",,,,,,,
20260512_105150_XRPUSDT_LONG,2026-05-12T07:51:50.646522+00:00,XRPUSDT,long,1.4623,7,1.454989 - 1.465225,1.36902,1.5075,1.648859,0.48,2.0,395.6,0.98,0.0042,BTC 4H weak/neutral,-1,4.13,5.18,1,price up + OI up: long confirmation,"1D uptrend, 4H above EMA50, near support, RR2 >= 2, funding ok, BTC weak/neutral, OI confirms",,,,,,,
20260512_105150_LABUSDT_LONG,2026-05-12T07:51:50.646522+00:00,LABUSDT,long,4.5912,7,4.568244 - 4.600382,3.047784,7.9301,7.678031,2.16,2.0,300.5,4.06,0.005,BTC 4H weak/neutral,-1,-34.87,4.75,0,price up + OI down: possible short squeeze,"1D uptrend, 4H above EMA50, RR1 >= 1.5, RR2 >= 2, RSI not overheated, funding ok, BTC weak/neutral",,,,,,,
20260512_105150_1000PEPEUSDT_LONG,2026-05-12T07:51:50.646522+00:00,1000PEPEUSDT,long,0.004272,7,0.004251 - 0.004281,0.004062,0.004585,0.004693,1.49,2.0,87.4,-0.74,0.0047,BTC 4H weak/neutral,-1,-1.54,1.93,0,OI neutral,"1D uptrend, 4H above EMA50, near support, RR2 >= 2, RSI not overheated, funding ok, BTC weak/neutral",,,,,,,
20260512_105150_ADAUSDT_LONG,2026-05-12T07:51:50.646522+00:00,ADAUSDT,long,0.2768,7,0.275416 - 0.277354,0.258004,0.2886,0.314393,0.63,2.0,67.8,-0.25,0.0074,BTC 4H weak/neutral,-1,-3.55,4.81,0,price up + OI down: possible short squeeze,"1D uptrend, 4H above EMA50, near support, RR2 >= 2, RSI not overheated, funding ok, BTC weak/neutral",,,,,,,
20260512_105150_FARTCOINUSDT_LONG,2026-05-12T07:51:50.646522+00:00,FARTCOINUSDT,long,0.2506,7,0.249347 - 0.251101,0.237805,0.26885,0.27619,1.43,2.0,66.2,-1.96,0.005,BTC 4H weak/neutral,-1,-0.01,2.22,0,OI neutral,"1D uptrend, 4H above EMA50, near support, RR2 >= 2, RSI not overheated, funding ok, BTC weak/neutral",,,,,,,
20260512_105150_TAOUSDT_LONG,2026-05-12T07:51:50.646522+00:00,TAOUSDT,long,319.38,7,317.7831 - 320.01876,294.8782,333.23,368.3836,0.57,2.0,66.0,-0.11,0.005,BTC 4H weak/neutral,-1,-0.23,3.6,0,OI neutral,"1D uptrend, 4H above EMA50, near support, RR2 >= 2, RSI not overheated, funding ok, BTC weak/neutral",,,,,,,
20260512_152526_TONUSDT_LONG,2026-05-12T12:25:26.972778+00:00,TONUSDT,long,2.3456,9,2.333872 - 2.350291,2.2088,2.8092,2.6192,3.39,2.0,197.0,2.62,-0.0156,BTC 4H weak/neutral,-1,-4.2,-7.46,0,price down + OI down: deleveraging,"1D uptrend, 4H above EMA50, near support, RR1 >= 1.5, RR2 >= 2, RSI not overheated, funding ok, BTC weak/neutral",yes,,,,,,
20260512_152526_ZECUSDT_LONG,2026-05-12T12:25:26.972778+00:00,ZECUSDT,long,555.23,8,552.45385 - 556.34046,534.014857,642.79,597.660286,4.13,2.0,114.8,-2.67,0.01,BTC 4H weak/neutral,-1,-9.23,-3.27,0,price down + OI down: deleveraging,"1D uptrend, 4H above EMA50, near support, RR1 >= 1.5, RR2 >= 2, funding ok, BTC weak/neutral",yes,,,,,,
20260512_152526_1000PEPEUSDT_LONG,2026-05-12T12:25:26.972778+00:00,1000PEPEUSDT,long,0.0042,8,0.004179 - 0.004208,0.004062,0.004585,0.004477,2.78,2.0,91.1,-2.76,-0.0164,BTC 4H weak/neutral,-1,-7.76,-3.07,0,price down + OI down: deleveraging,"1D uptrend, near support, RR1 >= 1.5, RR2 >= 2, RSI not overheated, funding ok, BTC weak/neutral",,,,,,,
20260512_152526_XAGUSDT_LONG,2026-05-12T12:25:26.972778+00:00,XAGUSDT,long,83.74,8,83.3213 - 83.90748,77.8488,87.25,95.5224,0.6,2.0,50.7,1.04,0.0,BTC 4H weak/neutral,-1,24.52,3.63,1,price up + OI up: long confirmation,"1D uptrend, 4H above EMA50, near support, RR2 >= 2, RSI not overheated, funding ok, BTC weak/neutral, OI confirms",,,,,,,
20260512_152526_BTCUSDT_LONG,2026-05-12T12:25:26.972778+00:00,BTCUSDT,long,80784.9,7,80380.9755 - 80946.4698,78724.4,82450.0,84905.9,0.81,2.0,4061.8,-0.58,0.0055,BTC 4H weak/neutral,-1,0.42,0.8,0,OI neutral,"1D uptrend, 4H above EMA50, near support, RR2 >= 2, RSI not overheated, funding ok, BTC weak/neutral",,,,,,,
20260512_152526_SOLUSDT_LONG,2026-05-12T12:25:26.972778+00:00,SOLUSDT,long,95.01,7,94.53495 - 95.20002,87.1222,98.36,110.7856,0.42,2.0,1101.5,-0.14,0.01,BTC 4H weak/neutral,-1,-1.55,2.67,0,OI neutral,"1D uptrend, 4H above EMA50, near support, RR2 >= 2, RSI not overheated, funding ok, BTC weak/neutral",,,,,,,
20260512_152526_XRPUSDT_LONG,2026-05-12T12:25:26.972778+00:00,XRPUSDT,long,1.451,7,1.443745 - 1.453902,1.36902,1.5075,1.614959,0.69,2.0,413.6,-0.71,0.0031,BTC 4H weak/neutral,-1,2.5,2.28,0,OI neutral,"1D uptrend, 4H above EMA50, near support, RR2 >= 2, RSI not overheated, funding ok, BTC weak/neutral",yes,,,,,,
20260512_152526_LABUSDT_LONG,2026-05-12T12:25:26.972778+00:00,LABUSDT,long,4.5308,7,4.508146 - 4.539862,3.672123,7.9301,6.248154,3.96,2.0,283.9,-1.57,0.0305,BTC 4H weak/neutral,-1,-38.25,11.27,0,price up + OI down: possible short squeeze,"1D uptrend, 4H above EMA50, RR1 >= 1.5, RR2 >= 2, RSI not overheated, funding ok, BTC weak/neutral",,,,,,,
20260512_152526_TAOUSDT_LONG,2026-05-12T12:25:26.972778+00:00,TAOUSDT,long,310.41,7,308.85795 - 311.03082,294.8782,333.23,341.4736,1.47,2.0,69.4,-3.74,0.005,BTC 4H weak/neutral,-1,-3.73,-0.75,0,OI neutral,"1D uptrend, 4H above EMA50, near support, RR2 >= 2, RSI not overheated, funding ok, BTC weak/neutral",,,,,,,
20260512_152526_ADAUSDT_LONG,2026-05-12T12:25:26.972778+00:00,ADAUSDT,long,0.2742,7,0.272829 - 0.274748,0.258004,0.2886,0.306593,0.89,2.0,68.7,-1.83,-0.0072,BTC 4H weak/neutral,-1,-2.37,0.96,0,OI neutral,"1D uptrend, 4H above EMA50, near support, RR2 >= 2, RSI not overheated, funding ok, BTC weak/neutral",yes,,,,,,
20260515_095446_ZECUSDT_LONG,2026-05-15T06:54:46.237492+00:00,ZECUSDT,long,543.24,11,540.5238 - 544.32648,511.629,606.462,613.3,2.0,2.22,192.8,2.96,0.0006,BTC 4H supportive,1,-4.0,-4.8,0,price down + OI down: deleveraging,"1D uptrend, 4H above EMA50, near support, RR1 >= 1.5, RR2 >= 2, RSI not overheated, funding ok, BTC supportive",,,,,,,
20260515_095446_LINKUSDT_LONG,2026-05-15T06:54:46.237492+00:00,LINKUSDT,long,10.281,11,10.229595 - 10.301562,9.98184,10.865,10.87932,1.95,2.0,63.8,-0.18,0.0,BTC 4H supportive,1,-5.97,-2.73,0,price down + OI down: deleveraging,"1D uptrend, 4H above EMA50, near support, RR1 >= 1.5, RR2 >= 2, RSI not overheated, funding ok, BTC supportive",,,,,,,
20260515_095446_NEARUSDT_LONG,2026-05-15T06:54:46.237492+00:00,NEARUSDT,long,1.5618,11,1.553991 - 1.5649236,1.495684,1.6907,1.694032,1.95,2.0,56.4,-0.95,-0.0096,BTC 4H supportive,1,-5.62,1.15,0,price up + OI down: possible short squeeze,"1D uptrend, 4H above EMA50, near support, RR1 >= 1.5, RR2 >= 2, RSI not overheated, funding ok, BTC supportive",,,,,,,
20260515_095446_ADAUSDT_LONG,2026-05-15T06:54:46.237492+00:00,ADAUSDT,long,0.2672,10,0.265864 - 0.2677344,0.2597945,0.282011,0.2886,2.0,2.89,79.8,0.72,0.0007,BTC 4H supportive,1,-0.8,-4.33,0,OI neutral,"1D uptrend, near support, RR1 >= 1.5, RR2 >= 2, RSI not overheated, funding ok, BTC supportive",,,,,,,
20260515_095446_BTCUSDT_LONG,2026-05-15T06:54:46.237492+00:00,BTCUSDT,long,80515.6,9,80113.022 - 80676.6312,78331.2755,82450.0,84884.249,0.89,2.0,6219.3,0.9,-0.0041,BTC 4H supportive,1,1.34,-0.8,0,OI neutral,"1D uptrend, 4H above EMA50, near support, RR2 >= 2, RSI not overheated, funding ok, BTC supportive",,,,,,,
20260515_095446_SOLUSDT_LONG,2026-05-15T06:54:46.237492+00:00,SOLUSDT,long,90.94,9,90.4853 - 91.12188,88.99257143,94.83485714,98.36,2.0,3.81,881.2,-0.43,0.01,BTC 4H supportive,1,-5.62,-4.52,0,price down + OI down: deleveraging,"1D uptrend, near support, RR1 >= 1.5, RR2 >= 2, funding ok, BTC supportive",,,,,,,
20260515_095446_XRPUSDT_LONG,2026-05-15T06:54:46.237492+00:00,XRPUSDT,long,1.4697,9,1.4623515 - 1.4726394,1.4030495,1.5496,1.603001,1.2,2.0,729.6,2.48,0.0028,BTC 4H supportive,1,8.85,0.93,0,OI neutral,"1D uptrend, 4H above EMA50, near support, RR2 >= 2, RSI not overheated, funding ok, BTC supportive",,,,,,,
20260515_095446_SUIUSDT_LONG,2026-05-15T06:54:46.237492+00:00,SUIUSDT,long,1.1522,9,1.146439 - 1.1545044,1.0848485,1.286903,1.4132,2.0,3.88,122.7,-3.87,0.0087,BTC 4H supportive,1,-9.82,-9.3,0,price down + OI down: deleveraging,"1D uptrend, near support, RR1 >= 1.5, RR2 >= 2, funding ok, BTC supportive",,,,,,,
20260515_095446_DOGEUSDT_LONG,2026-05-15T06:54:46.237492+00:00,DOGEUSDT,long,0.11463,8,0.11405685 - 0.11485926,0.10579835,0.11859,0.1322933,0.45,2.0,448.1,0.0,-0.0072,BTC 4H supportive,1,2.5,3.97,0,OI neutral,"1D uptrend, 4H above EMA50, near support, RR2 >= 2, funding ok, BTC supportive",,,,,,,
20260515_095446_1000PEPEUSDT_LONG,2026-05-15T06:54:46.237492+00:00,1000PEPEUSDT,long,0.004022,8,0.00400189 - 0.00403004,0.00390423,0.00425754,0.004585,2.0,4.78,94.1,-0.89,-0.0138,BTC 4H supportive,1,-10.8,-7.03,0,price down + OI down: deleveraging,"near support, RR1 >= 1.5, RR2 >= 2, RSI not overheated, funding ok, BTC supportive",,,,,,,
20260515_121226_LINKUSDT_LONG,2026-05-15T09:12:26.465394+00:00,LINKUSDT,long,10.302,11,10.25049 - 10.322604,9.98184,10.865,10.94232,1.76,2.0,66.3,0.48,0.0068,BTC 4H supportive,1,-6.58,-2.66,0,price down + OI down: deleveraging,"1D uptrend, 4H above EMA50, near support, RR1 >= 1.5, RR2 >= 2, RSI not overheated, funding ok, BTC supportive",yes,,,,,,
20260515_121226_ADAUSDT_LONG,2026-05-15T09:12:26.465394+00:00,ADAUSDT,long,0.2674,10,0.266063 - 0.2679348,0.2597945,0.282611,0.2886,2.0,2.79,81.2,1.06,0.01,BTC 4H supportive,1,-3.22,-5.31,0,price down + OI down: deleveraging,"1D uptrend, near support, RR1 >= 1.5, RR2 >= 2, RSI not overheated, funding ok, BTC supportive",yes,,,,,,
20260515_121226_NEARUSDT_LONG,2026-05-15T09:12:26.465394+00:00,NEARUSDT,long,1.549,10,1.541255 - 1.552098,1.48709714,1.67280571,1.6907,2.0,2.29,60.8,-2.16,-0.0159,BTC 4H supportive,1,-7.78,1.71,0,price up + OI down: possible short squeeze,"1D uptrend, 4H above EMA50, near support, RR1 >= 1.5, RR2 >= 2, funding ok, BTC supportive",yes,,,,,,
20260515_121226_BTCUSDT_LONG,2026-05-15T09:12:26.465394+00:00,BTCUSDT,long,80568.0,9,80165.16 - 80729.136,78331.2755,82450.0,85041.449,0.84,2.0,6494.1,0.96,0.0013,BTC 4H supportive,1,-1.26,-1.03,0,OI neutral,"1D uptrend, 4H above EMA50, near support, RR2 >= 2, RSI not overheated, funding ok, BTC supportive",,,,,,,
20260515_121226_SOLUSDT_LONG,2026-05-15T09:12:26.465394+00:00,SOLUSDT,long,91.23,9,90.77385 - 91.41246,89.30125,95.0875,98.36,2.0,3.7,907.4,0.31,0.0009,BTC 4H supportive,1,-9.65,-5.72,0,price down + OI down: deleveraging,"1D uptrend, near support, RR1 >= 1.5, RR2 >= 2, funding ok, BTC supportive",,,,,,,
20260515_121226_XRPUSDT_LONG,2026-05-15T09:12:26.465394+00:00,XRPUSDT,long,1.4671,9,1.4597645 - 1.4700342,1.4030495,1.5496,1.595201,1.29,2.0,770.3,2.33,0.0025,BTC 4H supportive,1,-0.21,-1.21,0,OI neutral,"1D uptrend, 4H above EMA50, near support, RR2 >= 2, RSI not overheated, funding ok, BTC supportive",,,,,,,
20260515_121226_DOGEUSDT_LONG,2026-05-15T09:12:26.465394+00:00,DOGEUSDT,long,0.11507,9,0.11449465 - 0.11530014,0.10579835,0.11859,0.1336133,0.38,2.0,453.8,1.7,0.0,BTC 4H supportive,1,-0.43,3.72,0,OI neutral,"1D uptrend, 4H above EMA50, near support, RR2 >= 2, RSI not overheated, funding ok, BTC supportive",,,,,,,
20260515_121226_ZECUSDT_LONG,2026-05-15T09:12:26.465394+00:00,ZECUSDT,long,536.17,9,533.48915 - 537.24234,510.50885714,587.49228571,605.82,2.0,2.71,196.9,2.49,-0.0115,BTC 4H supportive,1,-4.85,-2.87,0,price down + OI down: deleveraging,"1D uptrend, near support, RR1 >= 1.5, RR2 >= 2, funding ok, BTC supportive",,,,,,,
20260515_121226_SUIUSDT_LONG,2026-05-15T09:12:26.465394+00:00,SUIUSDT,long,1.1452,9,1.139474 - 1.1474904,1.10609714,1.22340571,1.4132,2.0,6.85,123.5,-4.22,0.01,BTC 4H supportive,1,-5.24,-10.39,0,price down + OI down: deleveraging,"1D uptrend, near support, RR1 >= 1.5, RR2 >= 2, funding ok, BTC supportive",,,,,,,
20260515_121226_TONUSDT_LONG,2026-05-15T09:12:26.465394+00:00,TONUSDT,long,2.0824,9,2.071988 - 2.0865648,1.99428571,2.25862857,2.5067,2.0,4.82,111.3,-0.93,-0.001,BTC 4H supportive,1,2.68,-12.18,0,OI neutral,"1D uptrend, near support, RR1 >= 1.5, RR2 >= 2, funding ok, BTC supportive",,,,,,,
20260518_090230_HYPEUSDT_SHORT,2026-05-18T06:02:30.696068+00:00,HYPEUSDT,short,45.399,9,45.308202 - 45.625995,47.53449,41.12802,38.15,2.0,3.39,516.7,6.17,0.0074,BTC 4H structure broken,2,1.28,16.74,0,OI neutral,"near resistance, RSI not oversold, BTC supportive for short, RR1 >= 1.5, RR2 >= 2, funding ok",yes,,,,,,
20260518_090230_XAUTUSDT_SHORT,2026-05-18T06:02:30.696068+00:00,XAUTUSDT,short,4528.2,9,4519.1436 - 4550.841,4731.4395,4477.1,4121.721,0.25,2.0,91.5,0.07,0.0005,BTC 4H structure broken,2,3.94,-3.39,1,price down + OI up: short confirmation,"1D downtrend, 4H below EMA50, near resistance, RSI not oversold, too close to support, BTC supportive for short, RR2 >= 2, funding ok, OI confirms",yes,,,,,,
20260518_090230_ZECUSDT_SHORT,2026-05-18T06:02:30.696068+00:00,ZECUSDT,short,530.3,7,529.2394 - 532.9515,572.1264,485.0,446.6472,1.08,2.0,179.3,3.27,0.0085,BTC 4H structure broken,2,-9.3,2.37,0,price up + OI down: short covering,"near resistance, RSI not oversold, BTC supportive for short, RR2 >= 2, funding ok",yes,,,,,,
20260518_090230_BSBUSDT_SHORT,2026-05-18T06:02:30.696068+00:00,BSBUSDT,short,0.6427,6,0.6414146 - 0.6459135,0.71208571,0.50392857,0.371,2.0,3.92,113.7,38.3,0.0119,BTC 4H structure broken,2,46.42,53.6,-2,price up + OI up: short pressure,"near resistance, BTC supportive for short, RR1 >= 1.5, RR2 >= 2, funding ok, OI pressure",,,,,,,
20260518_090230_TONUSDT_SHORT,2026-05-18T06:02:30.696068+00:00,TONUSDT,short,1.9461,6,1.9422078 - 1.9558305,2.2971285,1.858,1.244043,0.25,2.0,100.2,0.72,0.005,BTC 4H structure broken,2,2.75,-7.24,0,OI neutral,"4H below EMA50, RSI not oversold, BTC supportive for short, RR2 >= 2, funding ok",,,,,,,
20260518_090230_1000PEPEUSDT_SHORT,2026-05-18T06:02:30.696068+00:00,1000PEPEUSDT,short,0.003653,6,0.00364569 - 0.00367126,0.00428431,0.003538,0.00239037,0.18,2.0,97.5,-3.18,0.01,BTC 4H structure broken,2,13.04,-8.72,1,price down + OI up: short confirmation,"4H below EMA50, BTC supportive for short, RR2 >= 2, funding ok, OI confirms",,,,,,,
20260518_090230_BILLUSDT_SHORT,2026-05-18T06:02:30.696068+00:00,BILLUSDT,short,0.14477,6,0.14448046 - 0.14549385,0.238185,0.12802,-0.04206,0.18,2.0,72.2,10.35,-0.0038,BTC 4H structure broken,2,8.76,-21.91,1,price down + OI up: short confirmation,"4H below EMA50, BTC supportive for short, RR2 >= 2, funding ok, OI confirms",,,,,,,
20260518_090230_BTCUSDT_SHORT,2026-05-18T06:02:30.696068+00:00,BTCUSDT,short,76898.6,5,76744.8028 - 77283.093,82408.995,76659.1,65877.81,0.04,2.0,3794.7,-1.56,0.0066,BTC 4H structure broken,2,-2.28,-2.92,0,OI neutral,"4H below EMA50, near resistance, too close to support, BTC supportive for short, RR2 >= 2, funding ok",,,,,,,
20260518_090230_ETHUSDT_SHORT,2026-05-18T06:02:30.696068+00:00,ETHUSDT,short,2119.5,5,2115.261 - 2130.0975,2334.28335,2082.46,1689.9333,0.17,2.0,2306.2,-3.01,0.0001,BTC 4H structure broken,2,-7.15,-5.91,0,price down + OI down: long liquidation/deleveraging,"1D downtrend, 4H below EMA50, too close to support, BTC supportive for short, RR2 >= 2, funding ok",,,,,,,
20260518_090230_LABUSDT_SHORT,2026-05-18T06:02:30.696068+00:00,LABUSDT,short,4.6776,5,4.6682448 - 4.700988,6.6815415,2.9,0.669717,0.89,2.0,81.5,-3.51,-0.0131,BTC 4H structure broken,2,-10.62,-11.34,0,price down + OI down: long liquidation/deleveraging,"RSI not oversold, BTC supportive for short, RR2 >= 2, funding ok",,,,,,,
20260518_101911_XAUTUSDT_SHORT,2026-05-18T07:19:11.730053+00:00,XAUTUSDT,short,4538.2,11,4529.1236 - 4560.891,4731.4395,4477.1,4151.721,0.32,2.0,95.2,0.18,0.0017,BTC 4H structure broken,2,3.94,-3.17,1,price down + OI up: short confirmation,"1D downtrend, 4H below EMA50, near resistance, RSI not oversold, too close to support, BTC supportive for short, RR2 >= 2, funding ok, OI confirms, SMC bearish internal CHoCH, SMC discount zone, SMC bearish FVG",,,2.0,swing bullish,internal bearish CHoCH 19 bars ago,discount,"SMC bearish internal CHoCH, SMC discount zone, SMC bearish FVG"
20260518_101911_BILLUSDT_SHORT,2026-05-18T07:19:11.730053+00:00,BILLUSDT,short,0.13684,9,0.13656632 - 0.1375242,0.238185,0.12802,-0.06585,0.09,2.0,73.0,2.88,0.005,BTC 4H structure broken,2,8.76,-25.87,1,price down + OI up: short confirmation,"4H below EMA50, BTC supportive for short, RR2 >= 2, funding ok, OI confirms, SMC bearish internal CHoCH, SMC bearish FVG",yes,,3.0,internal bearish,internal bearish CHoCH 11 bars ago,equilibrium,"SMC bearish internal CHoCH, SMC bearish FVG"
20260518_101911_ZECUSDT_SHORT,2026-05-18T07:19:11.730053+00:00,ZECUSDT,short,527.55,8,526.4949 - 530.18775,572.1264,485.0,438.3972,0.95,2.0,185.8,2.56,0.0018,BTC 4H structure broken,2,-9.3,1.66,0,price up + OI down: short covering,"4H below EMA50, near resistance, RSI not oversold, BTC supportive for short, RR2 >= 2, funding ok, SMC bearish internal BOS, SMC bullish FVG",,,0.0,swing bullish,internal bearish BOS 13 bars ago,equilibrium,"SMC bearish internal BOS, SMC bullish FVG"
20260518_101911_1000PEPEUSDT_SHORT,2026-05-18T07:19:11.730053+00:00,1000PEPEUSDT,short,0.003624,8,0.00361675 - 0.00364212,0.00428431,0.003538,0.00230337,0.13,2.0,104.9,-3.9,0.01,BTC 4H structure broken,2,13.04,-9.57,1,price down + OI up: short confirmation,"4H below EMA50, BTC supportive for short, RR2 >= 2, funding ok, OI confirms, SMC bearish swing CHoCH, SMC discount zone, SMC bearish FVG",yes,,2.0,swing bearish,swing bearish CHoCH 2 bars ago,discount,"SMC bearish swing CHoCH, SMC discount zone, SMC bearish FVG"
20260518_101911_LABUSDT_SHORT,2026-05-18T07:19:11.730053+00:00,LABUSDT,short,4.7139,8,4.7044722 - 4.7374695,6.6815415,2.9,0.778617,0.92,2.0,82.3,-3.81,0.005,BTC 4H structure broken,2,-10.62,-11.38,0,price down + OI down: long liquidation/deleveraging,"RSI not oversold, BTC supportive for short, RR2 >= 2, funding ok, SMC bearish internal CHoCH, SMC bearish FVG",,,3.0,swing bullish,internal bearish CHoCH 2 bars ago,equilibrium,"SMC bearish internal CHoCH, SMC bearish FVG"
20260518_101911_HYPEUSDT_SHORT,2026-05-18T07:19:11.730053+00:00,HYPEUSDT,short,44.947,7,44.857106 - 45.171735,47.53449,39.77202,38.15,2.0,2.63,530.8,5.63,0.0012,BTC 4H structure broken,2,1.28,15.63,0,OI neutral,"near resistance, RSI not oversold, BTC supportive for short, RR1 >= 1.5, RR2 >= 2, funding ok, SMC bullish swing BOS, SMC premium zone, SMC bullish FVG",,,-2.0,swing bullish,swing bullish BOS 19 bars ago,premium,"SMC bullish swing BOS, SMC premium zone, SMC bullish FVG"
20260518_101911_BTCUSDT_SHORT,2026-05-18T07:19:11.730053+00:00,BTCUSDT,short,76863.0,6,76709.274 - 77247.315,82408.995,76540.0,65771.01,0.06,2.0,4103.4,-1.5,0.0063,BTC 4H structure broken,2,-2.28,-2.97,0,OI neutral,"4H below EMA50, near resistance, too close to support, BTC supportive for short, RR2 >= 2, funding ok, SMC bearish internal BOS, SMC discount zone, SMC bearish FVG",,,1.0,swing bearish,internal bearish BOS 2 bars ago,discount,"SMC bearish internal BOS, SMC discount zone, SMC bearish FVG"
20260518_101911_ETHUSDT_SHORT,2026-05-18T07:19:11.730053+00:00,ETHUSDT,short,2115.03,6,2110.79994 - 2125.60515,2334.28335,2082.46,1676.5233,0.15,2.0,2415.5,-3.07,0.0017,BTC 4H structure broken,2,-7.15,-6.11,0,price down + OI down: long liquidation/deleveraging,"1D downtrend, 4H below EMA50, too close to support, BTC supportive for short, RR2 >= 2, funding ok, SMC bearish internal BOS, SMC discount zone, SMC bearish FVG",,,1.0,swing bearish,internal bearish BOS 2 bars ago,discount,"SMC bearish internal BOS, SMC discount zone, SMC bearish FVG"
20260518_101911_XRPUSDT_SHORT,2026-05-18T07:19:11.730053+00:00,XRPUSDT,short,1.3837,6,1.3809326 - 1.3906185,1.557348,1.368,1.036404,0.09,2.0,408.7,-2.31,0.0061,BTC 4H structure broken,2,6.31,-3.41,1,price down + OI up: short confirmation,"4H below EMA50, too close to support, BTC supportive for short, RR2 >= 2, funding ok, OI confirms, SMC bearish internal CHoCH, SMC discount zone, SMC bearish FVG",,,2.0,swing bearish,internal bearish CHoCH 1 bars ago,discount,"SMC bearish internal CHoCH, SMC discount zone, SMC bearish FVG"
20260518_101911_TONUSDT_SHORT,2026-05-18T07:19:11.730053+00:00,TONUSDT,short,1.9252,6,1.9213496 - 1.934826,2.2971285,1.858,1.181343,0.18,2.0,110.6,-0.32,0.005,BTC 4H structure broken,2,2.75,-8.77,0,OI neutral,"4H below EMA50, RSI not oversold, BTC supportive for short, RR2 >= 2, funding ok, SMC bearish internal BOS, SMC bullish FVG",,,0.0,swing bullish,internal bearish BOS 16 bars ago,equilibrium,"SMC bearish internal BOS, SMC bullish FVG"
20260519_084250_XAUTUSDT_SHORT,2026-05-19T05:42:50.310139+00:00,XAUTUSDT,short,4536.1,10,4527.0278 - 4558.7805,4723.1985,4477.1,4161.903,0.32,2.0,105.9,0.03,-0.0115,BTC 4H bearish trend,2,0.46,-0.37,0,OI neutral,"1D downtrend, 4H below EMA50, near resistance, RSI not oversold, too close to support, BTC supportive for short, RR2 >= 2, funding ok, SMC bearish internal CHoCH, SMC discount zone, SMC bearish FVG",,,2.0,swing bullish,internal bearish CHoCH 25 bars ago,discount,"SMC bearish internal CHoCH, SMC discount zone, SMC bearish FVG"
20260519_084250_BCHUSDT_SHORT,2026-05-19T05:42:50.310139+00:00,BCHUSDT,short,379.4,9,378.6412 - 381.297,440.592,347.6,257.016,0.52,2.0,102.6,0.9,-0.0059,BTC 4H bearish trend,2,32.3,-11.85,1,price down + OI up: short confirmation,"1D downtrend, 4H below EMA50, BTC supportive for short, RR2 >= 2, funding ok, OI confirms, SMC bearish internal BOS, SMC discount zone, SMC bearish FVG",,,1.0,swing bearish,internal bearish BOS 8 bars ago,discount,"SMC bearish internal BOS, SMC discount zone, SMC bearish FVG"
20260519_084250_1000PEPEUSDT_SHORT,2026-05-19T05:42:50.310139+00:00,1000PEPEUSDT,short,0.00369,9,0.00368262 - 0.00370845,0.00423608,0.003538,0.00259785,0.28,2.0,60.1,1.23,0.01,BTC 4H bearish trend,2,10.29,-8.18,1,price down + OI up: short confirmation,"4H below EMA50, RSI not oversold, BTC supportive for short, RR2 >= 2, funding ok, OI confirms, SMC bearish swing CHoCH, SMC discount zone, SMC bearish FVG",,,2.0,swing bearish,swing bearish CHoCH 8 bars ago,discount,"SMC bearish swing CHoCH, SMC discount zone, SMC bearish FVG"
20260519_084250_LABUSDT_SHORT,2026-05-19T05:42:50.310139+00:00,LABUSDT,short,4.5513,9,4.5421974 - 4.5740565,6.4576275,2.9,0.738645,0.87,2.0,50.1,-5.29,0.005,BTC 4H bearish trend,2,-16.13,10.37,0,price up + OI down: short covering,"4H below EMA50, RSI not oversold, BTC supportive for short, RR2 >= 2, funding ok, SMC bearish internal CHoCH, SMC bearish FVG",,,3.0,swing bullish,internal bearish CHoCH 8 bars ago,equilibrium,"SMC bearish internal CHoCH, SMC bearish FVG"
20260519_084250_ETHUSDT_SHORT,2026-05-19T05:42:50.310139+00:00,ETHUSDT,short,2134.27,8,2130.00146 - 2144.94135,2330.30355,2076.19,1742.2029,0.3,2.0,3422.3,0.72,0.0013,BTC 4H bearish trend,2,-1.43,-5.41,0,OI neutral,"1D downtrend, 4H below EMA50, BTC supportive for short, RR2 >= 2, funding ok, SMC bearish internal BOS, SMC discount zone, SMC bearish FVG",,,1.0,swing bearish,internal bearish BOS 8 bars ago,discount,"SMC bearish internal BOS, SMC discount zone, SMC bearish FVG"
20260519_084250_SOLUSDT_SHORT,2026-05-19T05:42:50.310139+00:00,SOLUSDT,short,85.17,8,84.99966 - 85.59585,94.09815,83.29,67.3137,0.21,2.0,732.8,0.6,0.01,BTC 4H bearish trend,2,-1.25,-6.65,0,OI neutral,"4H below EMA50, RSI not oversold, BTC supportive for short, RR2 >= 2, funding ok, SMC bearish internal CHoCH, SMC discount zone, SMC bearish FVG",,,2.0,swing bullish,internal bearish CHoCH 22 bars ago,discount,"SMC bearish internal CHoCH, SMC discount zone, SMC bearish FVG"
20260519_084250_TONUSDT_SHORT,2026-05-19T05:42:50.310139+00:00,TONUSDT,short,2.0386,8,2.0345228 - 2.048793,2.186478,1.858,1.742844,1.22,2.0,159.1,5.69,0.005,BTC 4H bearish trend,2,10.79,-2.47,1,price down + OI up: short confirmation,"4H below EMA50, near resistance, BTC supportive for short, RR2 >= 2, funding ok, OI confirms, SMC bearish internal BOS, SMC bullish FVG",,,0.0,swing bullish,internal bearish BOS 22 bars ago,equilibrium,"SMC bearish internal BOS, SMC bullish FVG"
20260519_084250_ADAUSDT_SHORT,2026-05-19T05:42:50.310139+00:00,ADAUSDT,short,0.2519,8,0.2513962 - 0.2531595,0.2817015,0.2447,0.192297,0.24,2.0,54.2,0.68,0.0044,BTC 4H bearish trend,2,1.35,-5.58,0,OI neutral,"4H below EMA50, RSI not oversold, BTC supportive for short, RR2 >= 2, funding ok, SMC bearish internal CHoCH, SMC discount zone, SMC bearish FVG",,,2.0,swing bullish,internal bearish CHoCH 22 bars ago,discount,"SMC bearish internal CHoCH, SMC discount zone, SMC bearish FVG"
20260519_084250_DOGEUSDT_SHORT,2026-05-19T05:42:50.310139+00:00,DOGEUSDT,short,0.10473,7,0.10452054 - 0.10525365,0.11918295,0.10244,0.0758241,0.16,2.0,250.6,-1.46,0.0037,BTC 4H bearish trend,2,-22.88,-8.45,0,price down + OI down: long liquidation/deleveraging,"4H below EMA50, BTC supportive for short, RR2 >= 2, funding ok, SMC bearish swing CHoCH, SMC discount zone, SMC bearish FVG",,,2.0,swing bearish,swing bearish CHoCH 6 bars ago,discount,"SMC bearish swing CHoCH, SMC discount zone, SMC bearish FVG"
20260519_084250_SUIUSDT_SHORT,2026-05-19T05:42:50.310139+00:00,SUIUSDT,short,1.0658,7,1.0636684 - 1.071129,1.2360495,1.0092,0.725301,0.33,2.0,86.8,2.68,0.0024,BTC 4H bearish trend,2,-3.09,-5.83,0,price down + OI down: long liquidation/deleveraging,"4H below EMA50, RSI not oversold, BTC supportive for short, RR2 >= 2, funding ok, SMC bearish internal CHoCH, SMC bullish FVG",,,1.0,swing bullish,internal bearish CHoCH 24 bars ago,equilibrium,"SMC bearish internal CHoCH, SMC bullish FVG"
20260519_084745_BSBUSDT_LONG,2026-05-19T05:47:45.805582+00:00,BSBUSDT,long,0.6672,7,0.663864 - 0.6685344,0.369145,0.725,1.26331,0.19,2.0,69.8,4.64,0.005,BTC 4H bearish trend,-2,57.94,57.6,1,price up + OI up: long confirmation,"1D uptrend, 4H above EMA50, BTC bearish against long, RR2 >= 2, funding ok, OI confirms, SMC bullish internal CHoCH, SMC bullish FVG",yes,,3.0,swing bearish,internal bullish CHoCH 11 bars ago,equilibrium,"SMC bullish internal CHoCH, SMC bullish FVG"
20260519_084745_NEARUSDT_LONG,2026-05-19T05:47:45.805582+00:00,NEARUSDT,long,1.5998,6,1.591801 - 1.6029996,1.4585705,1.6394,1.882259,0.28,2.0,74.0,6.39,0.01,BTC 4H bearish trend,-2,-3.84,2.94,0,price up + OI down: possible short squeeze,"1D uptrend, 4H above EMA50, BTC bearish against long, RR2 >= 2, funding ok, SMC bullish internal CHoCH, SMC bullish FVG",yes,,3.0,swing bearish,internal bullish CHoCH 3 bars ago,equilibrium,"SMC bullish internal CHoCH, SMC bullish FVG"
20260519_084745_CLUSDT_LONG,2026-05-19T05:47:45.805582+00:00,CLUSDT,long,103.18,6,102.6641 - 103.38636,94.67425,105.04,120.1915,0.22,2.0,63.7,0.5,-0.0372,BTC 4H bearish trend,-2,40.98,3.22,1,price up + OI up: long confirmation,"1D uptrend, 4H above EMA50, near support, RSI not overheated, too close to resistance, BTC bearish against long, RR2 >= 2, funding ok, OI confirms, SMC bullish internal BOS, SMC premium zone, SMC bullish FVG",,,1.0,swing bullish,internal bullish BOS 8 bars ago,premium,"SMC bullish internal BOS, SMC premium zone, SMC bullish FVG"
20260519_084745_HYPEUSDT_LONG,2026-05-19T05:47:45.805582+00:00,HYPEUSDT,long,47.331,4,47.094345 - 47.425662,38.668685,48.531,64.65563,0.14,2.0,492.4,3.66,-0.0049,BTC 4H bearish trend,-2,0.05,3.58,0,OI neutral,"1D uptrend, 4H above EMA50, BTC bearish against long, RR2 >= 2, funding ok, SMC bullish internal BOS, SMC premium zone, SMC bullish FVG",,,1.0,swing bullish,internal bullish BOS 2 bars ago,premium,"SMC bullish internal BOS, SMC premium zone, SMC bullish FVG"
20260519_084745_ZECUSDT_LONG,2026-05-19T05:47:45.805582+00:00,ZECUSDT,long,570.06,4,567.2097 - 571.20012,482.575,580.0,745.03,0.11,2.0,208.9,6.18,0.0097,BTC 4H bearish trend,-2,8.41,6.8,1,price up + OI up: long confirmation,"1D uptrend, 4H above EMA50, too close to resistance, BTC bearish against long, RR2 >= 2, funding ok, OI confirms, SMC bullish internal CHoCH, SMC premium zone, SMC bullish FVG",,,2.0,swing bullish,internal bullish CHoCH 1 bars ago,premium,"SMC bullish internal CHoCH, SMC premium zone, SMC bullish FVG"
20260519_084745_SUIUSDT_LONG,2026-05-19T05:47:45.805582+00:00,SUIUSDT,long,1.0636,4,1.058282 - 1.0657272,1.004154,1.182492,1.2299,2.0,2.8,86.8,2.43,0.0024,BTC 4H bearish trend,-2,-3.09,-6.11,0,price down + OI down: deleveraging,"near support, RSI not overheated, BTC bearish against long, RR1 >= 1.5, RR2 >= 2, funding ok, SMC bearish internal CHoCH, SMC bullish FVG",,,-1.0,swing bullish,internal bearish CHoCH 24 bars ago,equilibrium,"SMC bearish internal CHoCH, SMC bullish FVG"
20260519_084745_FIDAUSDT_LONG,2026-05-19T05:47:45.805582+00:00,FIDAUSDT,long,0.020613,4,0.02050993 - 0.02065423,0.01579861,0.027046,0.03024178,1.34,2.0,65.8,-10.86,0.005,BTC 4H bearish trend,-2,262.26,16.7,1,price up + OI up: long confirmation,"1D uptrend, 4H above EMA50, RSI not overheated, BTC bearish against long, RR2 >= 2, funding ok, OI confirms, SMC bullish swing BOS, SMC premium zone, SMC bearish FVG",,,-1.0,swing bullish,swing bullish BOS 8 bars ago,premium,"SMC bullish swing BOS, SMC premium zone, SMC bearish FVG"
20260519_084745_ONDOUSDT_LONG,2026-05-19T05:47:45.805582+00:00,ONDOUSDT,long,0.3966,3,0.394617 - 0.3973932,0.331136,0.4154,0.527528,0.29,2.0,108.2,16.75,-0.0106,BTC 4H bearish trend,-2,-0.72,3.75,0,OI neutral,"1D uptrend, 4H above EMA50, possible chase, BTC bearish against long, funding ok, SMC bullish internal CHoCH, SMC bullish FVG",,,3.0,swing bullish,internal bullish CHoCH 2 bars ago,equilibrium,"SMC bullish internal CHoCH, SMC bullish FVG"
20260519_084745_XAUTUSDT_LONG,2026-05-19T05:47:45.805582+00:00,XAUTUSDT,long,4533.5,3,4510.8325 - 4542.567,4454.7145,4691.071,4699.7,2.0,2.11,106.0,-0.04,-0.0113,BTC 4H bearish trend,-2,0.46,-0.42,0,OI neutral,"near support, RSI not overheated, BTC bearish against long, RR1 >= 1.5, RR2 >= 2, funding ok, SMC bearish internal CHoCH, SMC discount zone, SMC bearish FVG",,,-2.0,swing bullish,internal bearish CHoCH 25 bars ago,discount,"SMC bearish internal CHoCH, SMC discount zone, SMC bearish FVG"
20260519_084745_BILLUSDT_LONG,2026-05-19T05:47:45.805582+00:00,BILLUSDT,long,0.12699,3,0.12635505 - 0.12724398,0.10888371,0.16320257,0.237,2.0,6.08,72.0,-12.49,0.0042,BTC 4H bearish trend,-2,-8.42,-38.12,0,price down + OI down: deleveraging,"near support, RSI not overheated, BTC bearish against long, RR1 >= 1.5, RR2 >= 2, funding ok, SMC bearish internal BOS, SMC discount zone, SMC bearish FVG",,,-2.0,internal bearish,internal bearish BOS 0 bars ago,discount,"SMC bearish internal BOS, SMC discount zone, SMC bearish FVG"
20260519_084745_XAUTUSDT_SHORT,2026-05-19T05:47:45.805582+00:00,XAUTUSDT,short,4533.5,10,4524.433 - 4556.1675,4723.1985,4477.1,4154.103,0.3,2.0,106.0,-0.04,-0.0113,BTC 4H bearish trend,2,0.46,-0.41,0,OI neutral,"1D downtrend, 4H below EMA50, near resistance, RSI not oversold, too close to support, BTC supportive for short, RR2 >= 2, funding ok, SMC bearish internal CHoCH, SMC discount zone, SMC bearish FVG",yes,,2.0,swing bullish,internal bearish CHoCH 25 bars ago,discount,"SMC bearish internal CHoCH, SMC discount zone, SMC bearish FVG"
20260519_084745_BCHUSDT_SHORT,2026-05-19T05:47:45.805582+00:00,BCHUSDT,short,379.5,9,378.741 - 381.3975,440.592,347.6,257.316,0.52,2.0,102.6,0.53,-0.0058,BTC 4H bearish trend,2,32.3,-11.85,1,price down + OI up: short confirmation,"1D downtrend, 4H below EMA50, BTC supportive for short, RR2 >= 2, funding ok, OI confirms, SMC bearish internal BOS, SMC discount zone, SMC bearish FVG",yes,,1.0,swing bearish,internal bearish BOS 8 bars ago,discount,"SMC bearish internal BOS, SMC discount zone, SMC bearish FVG"
20260519_084745_1000PEPEUSDT_SHORT,2026-05-19T05:47:45.805582+00:00,1000PEPEUSDT,short,0.00369,9,0.00368262 - 0.00370845,0.00423608,0.003538,0.00259785,0.28,2.0,59.7,1.15,0.01,BTC 4H bearish trend,2,10.29,-8.4,1,price down + OI up: short confirmation,"4H below EMA50, RSI not oversold, BTC supportive for short, RR2 >= 2, funding ok, OI confirms, SMC bearish swing CHoCH, SMC discount zone, SMC bearish FVG",,,2.0,swing bearish,swing bearish CHoCH 8 bars ago,discount,"SMC bearish swing CHoCH, SMC discount zone, SMC bearish FVG"
20260519_084745_ETHUSDT_SHORT,2026-05-19T05:47:45.805582+00:00,ETHUSDT,short,2132.64,8,2128.37472 - 2143.3032,2330.30355,2076.19,1737.3129,0.29,2.0,3419.9,0.66,0.0013,BTC 4H bearish trend,2,-1.43,-5.48,0,OI neutral,"1D downtrend, 4H below EMA50, BTC supportive for short, RR2 >= 2, funding ok, SMC bearish internal BOS, SMC discount zone, SMC bearish FVG",,,1.0,swing bearish,internal bearish BOS 8 bars ago,discount,"SMC bearish internal BOS, SMC discount zone, SMC bearish FVG"
20260519_084745_SOLUSDT_SHORT,2026-05-19T05:47:45.805582+00:00,SOLUSDT,short,85.14,8,84.96972 - 85.5657,94.09815,83.29,67.2237,0.21,2.0,728.6,0.4,0.01,BTC 4H bearish trend,2,-1.25,-6.67,0,OI neutral,"4H below EMA50, RSI not oversold, BTC supportive for short, RR2 >= 2, funding ok, SMC bearish internal CHoCH, SMC discount zone, SMC bearish FVG",,,2.0,swing bullish,internal bearish CHoCH 22 bars ago,discount,"SMC bearish internal CHoCH, SMC discount zone, SMC bearish FVG"
20260519_084745_TONUSDT_SHORT,2026-05-19T05:47:45.805582+00:00,TONUSDT,short,2.0288,8,2.0247424 - 2.038944,2.186478,1.858,1.713444,1.08,2.0,159.3,4.92,0.005,BTC 4H bearish trend,2,10.79,-3.02,1,price down + OI up: short confirmation,"4H below EMA50, near resistance, BTC supportive for short, RR2 >= 2, funding ok, OI confirms, SMC bearish internal BOS, SMC bullish FVG",,,0.0,swing bullish,internal bearish BOS 22 bars ago,equilibrium,"SMC bearish internal BOS, SMC bullish FVG"
20260519_084745_ADAUSDT_SHORT,2026-05-19T05:47:45.805582+00:00,ADAUSDT,short,0.2518,8,0.2512964 - 0.253059,0.2817015,0.2447,0.191997,0.24,2.0,53.9,0.72,0.0048,BTC 4H bearish trend,2,1.35,-5.81,0,OI neutral,"4H below EMA50, RSI not oversold, BTC supportive for short, RR2 >= 2, funding ok, SMC bearish internal CHoCH, SMC discount zone, SMC bearish FVG",,,2.0,swing bullish,internal bearish CHoCH 22 bars ago,discount,"SMC bearish internal CHoCH, SMC discount zone, SMC bearish FVG"
20260519_084745_DOGEUSDT_SHORT,2026-05-19T05:47:45.805582+00:00,DOGEUSDT,short,0.10482,7,0.10461036 - 0.1053441,0.11918295,0.10244,0.0760941,0.17,2.0,250.6,-1.52,0.0035,BTC 4H bearish trend,2,-22.88,-8.74,0,price down + OI down: long liquidation/deleveraging,"4H below EMA50, BTC supportive for short, RR2 >= 2, funding ok, SMC bearish swing CHoCH, SMC discount zone, SMC bearish FVG",,,2.0,swing bearish,swing bearish CHoCH 6 bars ago,discount,"SMC bearish swing CHoCH, SMC discount zone, SMC bearish FVG"
20260519_084745_SUIUSDT_SHORT,2026-05-19T05:47:45.805582+00:00,SUIUSDT,short,1.0636,7,1.0614728 - 1.068918,1.2360495,1.0092,0.718701,0.32,2.0,86.8,2.43,0.0024,BTC 4H bearish trend,2,-3.09,-6.12,0,price down + OI down: long liquidation/deleveraging,"4H below EMA50, RSI not oversold, BTC supportive for short, RR2 >= 2, funding ok, SMC bearish internal CHoCH, SMC bullish FVG",,,1.0,swing bullish,internal bearish CHoCH 24 bars ago,equilibrium,"SMC bearish internal CHoCH, SMC bullish FVG"
20260519_084745_BTCUSDT_SHORT,2026-05-19T05:47:45.805582+00:00,BTCUSDT,short,76868.2,6,76714.4636 - 77252.541,82408.995,75999.9,65786.61,0.16,2.0,5862.2,-0.0,0.0048,BTC 4H bearish trend,2,1.86,-4.6,0,OI neutral,"4H below EMA50, near resistance, too close to support, BTC supportive for short, RR2 >= 2, funding ok, SMC bearish internal BOS, SMC discount zone, SMC bearish FVG",,,1.0,swing bearish,internal bearish BOS 8 bars ago,discount,"SMC bearish internal BOS, SMC discount zone, SMC bearish FVG"
20260519_095403_BSBUSDT_LONG,2026-05-19T06:54:03.915745+00:00,BSBUSDT,long,0.6681,7,0.6647595 - 0.6694362,0.369145,0.725,1.26601,0.19,2.0,65.5,0.57,0.005,BTC 4H bearish trend,-2,57.94,58.0,1,price up + OI up: long confirmation,"1D uptrend, 4H above EMA50, BTC bearish against long, RR2 >= 2, funding ok, OI confirms, SMC bullish internal CHoCH, SMC bullish FVG",,,3.0,swing bearish,internal bullish CHoCH 11 bars ago,equilibrium,"SMC bullish internal CHoCH, SMC bullish FVG"
20260519_095403_SUIUSDT_LONG,2026-05-19T06:54:03.915745+00:00,SUIUSDT,long,1.081,6,1.075595 - 1.083162,1.004154,1.2299,1.234692,1.94,2.0,85.7,4.42,0.0011,BTC 4H bearish trend,-2,-3.09,-4.4,0,price down + OI down: deleveraging,"1D uptrend, near support, RSI not overheated, BTC bearish against long, RR1 >= 1.5, RR2 >= 2, funding ok, SMC bearish internal CHoCH, SMC bullish FVG",,,-1.0,swing bullish,internal bearish CHoCH 24 bars ago,equilibrium,"SMC bearish internal CHoCH, SMC bullish FVG"
20260519_095403_ZECUSDT_LONG,2026-05-19T06:54:03.915745+00:00,ZECUSDT,long,568.71,4,565.86645 - 569.84742,482.575,580.0,740.98,0.13,2.0,202.9,7.56,0.0093,BTC 4H bearish trend,-2,8.41,6.79,1,price up + OI up: long confirmation,"1D uptrend, 4H above EMA50, too close to resistance, BTC bearish against long, RR2 >= 2, funding ok, OI confirms, SMC bullish internal CHoCH, SMC premium zone, SMC bullish FVG",,,2.0,swing bullish,internal bullish CHoCH 1 bars ago,premium,"SMC bullish internal CHoCH, SMC premium zone, SMC bullish FVG"
20260519_095403_CLUSDT_LONG,2026-05-19T06:54:03.915745+00:00,CLUSDT,long,103.61,4,103.09195 - 103.81722,94.67425,105.04,121.4815,0.16,2.0,64.2,0.61,-0.0301,BTC 4H bearish trend,-2,40.98,3.67,1,price up + OI up: long confirmation,"1D uptrend, 4H above EMA50, RSI not overheated, too close to resistance, BTC bearish against long, RR2 >= 2, funding ok, OI confirms, SMC bullish internal BOS, SMC premium zone, SMC bullish FVG",,,1.0,swing bullish,internal bullish BOS 8 bars ago,premium,"SMC bullish internal BOS, SMC premium zone, SMC bullish FVG"
20260519_095403_FIDAUSDT_LONG,2026-05-19T06:54:03.915745+00:00,FIDAUSDT,long,0.020872,4,0.02076764 - 0.02091374,0.01579861,0.027046,0.03101878,1.22,2.0,61.2,-9.71,0.005,BTC 4H bearish trend,-2,262.26,17.79,1,price up + OI up: long confirmation,"1D uptrend, 4H above EMA50, RSI not overheated, BTC bearish against long, RR2 >= 2, funding ok, OI confirms, SMC bullish swing BOS, SMC premium zone, SMC bearish FVG",,,-1.0,swing bullish,swing bullish BOS 8 bars ago,premium,"SMC bullish swing BOS, SMC premium zone, SMC bearish FVG"
20260519_095403_SOLUSDT_LONG,2026-05-19T06:54:03.915745+00:00,SOLUSDT,long,85.29,3,84.86355 - 85.46058,82.87355,90.1229,93.63,2.0,3.45,693.3,0.65,0.01,BTC 4H bearish trend,-2,-1.25,-6.49,0,OI neutral,"near support, RSI not overheated, BTC bearish against long, RR1 >= 1.5, RR2 >= 2, funding ok, SMC bearish internal CHoCH, SMC discount zone, SMC bearish FVG",,,-2.0,swing bullish,internal bearish CHoCH 22 bars ago,discount,"SMC bearish internal CHoCH, SMC discount zone, SMC bearish FVG"
20260519_095403_ONDOUSDT_LONG,2026-05-19T06:54:03.915745+00:00,ONDOUSDT,long,0.3906,3,0.388647 - 0.3913812,0.331136,0.4154,0.509528,0.42,2.0,111.1,15.29,0.0003,BTC 4H bearish trend,-2,-0.72,2.47,0,OI neutral,"1D uptrend, 4H above EMA50, possible chase, BTC bearish against long, funding ok, SMC bullish internal CHoCH, SMC bullish FVG",,,3.0,swing bullish,internal bullish CHoCH 2 bars ago,equilibrium,"SMC bullish internal CHoCH, SMC bullish FVG"
20260519_095403_XAUTUSDT_LONG,2026-05-19T06:54:03.915745+00:00,XAUTUSDT,long,4541.1,3,4518.3945 - 4550.1822,4454.7145,4699.7,4713.871,1.84,2.0,105.3,0.05,-0.0052,BTC 4H bearish trend,-2,0.46,-0.26,0,OI neutral,"near support, RSI not overheated, BTC bearish against long, RR1 >= 1.5, RR2 >= 2, funding ok, SMC bearish internal CHoCH, SMC discount zone, SMC bearish FVG",,,-2.0,swing bullish,internal bearish CHoCH 25 bars ago,discount,"SMC bearish internal CHoCH, SMC discount zone, SMC bearish FVG"
20260519_095403_BTCUSDT_LONG,2026-05-19T06:54:03.915745+00:00,BTCUSDT,long,77059.7,2,76674.4015 - 77213.8194,75619.9005,79939.299,81999.0,2.0,3.43,5655.1,0.24,0.0044,BTC 4H bearish trend,-2,1.86,-4.37,0,OI neutral,"near support, BTC bearish against long, RR1 >= 1.5, RR2 >= 2, funding ok, SMC bearish internal BOS, SMC discount zone, SMC bearish FVG",,,-2.0,swing bearish,internal bearish BOS 8 bars ago,discount,"SMC bearish internal BOS, SMC discount zone, SMC bearish FVG"
20260519_095403_ETHUSDT_LONG,2026-05-19T06:54:03.915745+00:00,ETHUSDT,long,2137.32,2,2126.6334 - 2141.59464,2065.80905,2280.3419,2318.71,2.0,2.54,3364.9,0.93,0.0026,BTC 4H bearish trend,-2,-1.43,-5.27,0,OI neutral,"near support, BTC bearish against long, RR1 >= 1.5, RR2 >= 2, funding ok, SMC bearish internal BOS, SMC discount zone, SMC bearish FVG",,,-2.0,swing bearish,internal bearish BOS 8 bars ago,discount,"SMC bearish internal BOS, SMC discount zone, SMC bearish FVG"
20260519_095403_XAUTUSDT_SHORT,2026-05-19T06:54:03.915745+00:00,XAUTUSDT,short,4541.1,10,4532.0178 - 4563.8055,4723.1985,4477.1,4176.903,0.35,2.0,105.3,0.05,-0.0052,BTC 4H bearish trend,2,0.46,-0.26,0,OI neutral,"1D downtrend, 4H below EMA50, near resistance, RSI not oversold, too close to support, BTC supportive for short, RR2 >= 2, funding ok, SMC bearish internal CHoCH, SMC discount zone, SMC bearish FVG",,,2.0,swing bullish,internal bearish CHoCH 25 bars ago,discount,"SMC bearish internal CHoCH, SMC discount zone, SMC bearish FVG"
20260519_095403_BCHUSDT_SHORT,2026-05-19T06:54:03.915745+00:00,BCHUSDT,short,382.9,9,382.1342 - 384.8145,440.592,347.6,267.516,0.61,2.0,95.7,3.15,-0.0086,BTC 4H bearish trend,2,32.3,-11.06,1,price down + OI up: short confirmation,"1D downtrend, 4H below EMA50, BTC supportive for short, RR2 >= 2, funding ok, OI confirms, SMC bearish internal BOS, SMC discount zone, SMC bearish FVG",,,1.0,swing bearish,internal bearish BOS 8 bars ago,discount,"SMC bearish internal BOS, SMC discount zone, SMC bearish FVG"
20260519_095403_1000PEPEUSDT_SHORT,2026-05-19T06:54:03.915745+00:00,1000PEPEUSDT,short,0.00369,9,0.00368262 - 0.00370845,0.00423608,0.003538,0.00259785,0.28,2.0,53.0,1.4,0.01,BTC 4H bearish trend,2,10.29,-8.3,1,price down + OI up: short confirmation,"4H below EMA50, RSI not oversold, BTC supportive for short, RR2 >= 2, funding ok, OI confirms, SMC bearish swing CHoCH, SMC discount zone, SMC bearish FVG",,,2.0,swing bearish,swing bearish CHoCH 8 bars ago,discount,"SMC bearish swing CHoCH, SMC discount zone, SMC bearish FVG"
20260519_095403_ETHUSDT_SHORT,2026-05-19T06:54:03.915745+00:00,ETHUSDT,short,2137.32,8,2133.04536 - 2148.0066,2330.30355,2076.19,1751.3529,0.32,2.0,3364.9,0.93,0.0026,BTC 4H bearish trend,2,-1.43,-5.27,0,OI neutral,"1D downtrend, 4H below EMA50, BTC supportive for short, RR2 >= 2, funding ok, SMC bearish internal BOS, SMC discount zone, SMC bearish FVG",,,1.0,swing bearish,internal bearish BOS 8 bars ago,discount,"SMC bearish internal BOS, SMC discount zone, SMC bearish FVG"
20260519_095403_SOLUSDT_SHORT,2026-05-19T06:54:03.915745+00:00,SOLUSDT,short,85.29,8,85.11942 - 85.71645,94.09815,83.29,67.6737,0.23,2.0,693.3,0.65,0.01,BTC 4H bearish trend,2,-1.25,-6.48,0,OI neutral,"4H below EMA50, RSI not oversold, BTC supportive for short, RR2 >= 2, funding ok, SMC bearish internal CHoCH, SMC discount zone, SMC bearish FVG",,,2.0,swing bullish,internal bearish CHoCH 22 bars ago,discount,"SMC bearish internal CHoCH, SMC discount zone, SMC bearish FVG"
20260519_095403_BTCUSDT_SHORT,2026-05-19T06:54:03.915745+00:00,BTCUSDT,short,77059.7,7,76905.5806 - 77444.9985,82408.995,75999.9,66361.11,0.2,2.0,5655.1,0.24,0.0044,BTC 4H bearish trend,2,1.86,-4.37,0,OI neutral,"4H below EMA50, near resistance, RSI not oversold, too close to support, BTC supportive for short, RR2 >= 2, funding ok, SMC bearish internal BOS, SMC discount zone, SMC bearish FVG",,,1.0,swing bearish,internal bearish BOS 8 bars ago,discount,"SMC bearish internal BOS, SMC discount zone, SMC bearish FVG"
20260519_095403_TONUSDT_SHORT,2026-05-19T06:54:03.915745+00:00,TONUSDT,short,2.0505,7,2.046399 - 2.0607525,2.186478,1.858,1.778544,1.42,2.0,154.1,4.43,0.005,BTC 4H bearish trend,2,10.79,-1.86,1,price down + OI up: short confirmation,"near resistance, BTC supportive for short, RR2 >= 2, funding ok, OI confirms, SMC bearish internal BOS, SMC bullish FVG",,,0.0,swing bullish,internal bearish BOS 22 bars ago,equilibrium,"SMC bearish internal BOS, SMC bullish FVG"
20260519_095403_SUIUSDT_SHORT,2026-05-19T06:54:03.915745+00:00,SUIUSDT,short,1.081,7,1.078838 - 1.086405,1.2360495,1.0092,0.770901,0.46,2.0,85.7,4.42,0.0011,BTC 4H bearish trend,2,-3.09,-4.44,0,price down + OI down: long liquidation/deleveraging,"4H below EMA50, RSI not oversold, BTC supportive for short, RR2 >= 2, funding ok, SMC bearish internal CHoCH, SMC bullish FVG",,,1.0,swing bullish,internal bearish CHoCH 24 bars ago,equilibrium,"SMC bearish internal CHoCH, SMC bullish FVG"
20260519_095403_HYPEUSDT_SHORT,2026-05-19T06:54:03.915745+00:00,HYPEUSDT,short,47.632,6,47.536736 - 47.87016,49.74957143,43.39685714,38.863,2.0,4.14,486.0,4.8,-0.0116,BTC 4H bearish trend,2,0.05,4.32,0,OI neutral,"near resistance, BTC supportive for short, RR1 >= 1.5, RR2 >= 2, funding ok, SMC bullish internal BOS, SMC premium zone, SMC bullish FVG",,,-2.0,swing bullish,internal bullish BOS 2 bars ago,premium,"SMC bullish internal BOS, SMC premium zone, SMC bullish FVG"
20260519_095403_XRPUSDT_SHORT,2026-05-19T06:54:03.915745+00:00,XRPUSDT,short,1.3835,5,1.380733 - 1.3904175,1.557348,1.3626,1.035804,0.12,2.0,308.4,-0.24,0.0031,BTC 4H bearish trend,2,5.53,-5.73,1,price down + OI up: short confirmation,"4H below EMA50, too close to support, BTC supportive for short, RR2 >= 2, funding ok, OI confirms, SMC bearish swing BOS, SMC discount zone, SMC bearish FVG",,,1.0,swing bearish,swing bearish BOS 4 bars ago,discount,"SMC bearish swing BOS, SMC discount zone, SMC bearish FVG"
20260520_104205_ONDOUSDT_LONG,2026-05-20T07:42:05.827616+00:00,ONDOUSDT,long,0.3771,6,0.3752145 - 0.3778542,0.331136,0.3999,0.469028,0.5,2.0,97.4,-2.73,-0.0025,BTC 4H bearish trend,-2,-11.27,9.37,0,price up + OI down: possible short squeeze,"1D uptrend, 4H above EMA50, BTC bearish against long, RR2 >= 2, funding ok, SMC bullish internal CHoCH, SMC bullish FVG",,,3.0,swing bullish,internal bullish CHoCH 8 bars ago,equilibrium,"SMC bullish internal CHoCH, SMC bullish FVG"
20260520_104205_ZECUSDT_LONG,2026-05-20T07:42:05.827616+00:00,ZECUSDT,long,591.17,5,588.21415 - 592.35234,482.575,594.99,808.36,0.04,2.0,160.4,4.59,0.0022,BTC 4H bearish trend,-2,21.42,18.69,1,price up + OI up: long confirmation,"1D uptrend, 4H above EMA50, too close to resistance, BTC bearish against long, RR2 >= 2, funding ok, OI confirms, SMC bullish internal CHoCH, SMC bullish FVG",,,3.0,swing bullish,internal bullish CHoCH 7 bars ago,equilibrium,"SMC bullish internal CHoCH, SMC bullish FVG"
20260520_104205_BSBUSDT_LONG,2026-05-20T07:42:05.827616+00:00,BSBUSDT,long,0.7679,4,0.7640605 - 0.7694358,0.369145,1.2708,1.56541,1.26,2.0,167.2,14.05,0.005,BTC 4H bearish trend,-2,46.91,98.22,1,price up + OI up: long confirmation,"1D uptrend, 4H above EMA50, RSI not overheated, possible chase, BTC bearish against long, funding ok, OI confirms, SMC bullish swing CHoCH, SMC premium zone, SMC bullish FVG",,,2.0,swing bullish,swing bullish CHoCH 3 bars ago,premium,"SMC bullish swing CHoCH, SMC premium zone, SMC bullish FVG"
20260520_104205_BTCUSDT_LONG,2026-05-20T07:42:05.827616+00:00,BTCUSDT,long,77342.5,3,76955.7875 - 77497.185,75619.9005,80787.699,80800.8,2.0,2.01,3078.5,0.25,0.0093,BTC 4H bearish trend,-2,-0.13,-0.9,0,OI neutral,"near support, RSI not overheated, BTC bearish against long, RR1 >= 1.5, RR2 >= 2, funding ok, SMC bearish internal BOS, SMC discount zone, SMC bearish FVG",,,-2.0,swing bearish,internal bearish BOS 14 bars ago,discount,"SMC bearish internal BOS, SMC discount zone, SMC bearish FVG"
20260520_104205_ETHUSDT_LONG,2026-05-20T07:42:05.827616+00:00,ETHUSDT,long,2132.4,3,2121.738 - 2136.6648,2065.80905,2264.43,2265.5819,1.98,2.0,1989.9,-0.34,0.0046,BTC 4H bearish trend,-2,-7.1,-1.98,0,price down + OI down: deleveraging,"near support, RSI not overheated, BTC bearish against long, RR1 >= 1.5, RR2 >= 2, funding ok, SMC bearish internal BOS, SMC discount zone, SMC bearish FVG",,,-2.0,swing bearish,internal bearish BOS 14 bars ago,discount,"SMC bearish internal BOS, SMC discount zone, SMC bearish FVG"
20260520_104205_TONUSDT_LONG,2026-05-20T07:42:05.827616+00:00,TONUSDT,long,1.9596,3,1.949802 - 1.9635192,1.84871,2.1172,2.18138,1.42,2.0,110.8,-4.79,-0.0037,BTC 4H bearish trend,-2,6.66,2.36,1,price up + OI up: long confirmation,"near support, RSI not overheated, BTC bearish against long, RR2 >= 2, funding ok, OI confirms, SMC bearish internal BOS, SMC bullish FVG",,,-1.0,swing bullish,internal bearish BOS 28 bars ago,equilibrium,"SMC bearish internal BOS, SMC bullish FVG"
20260520_104205_DOGEUSDT_LONG,2026-05-20T07:42:05.827616+00:00,DOGEUSDT,long,0.1038,2,0.103281 - 0.1040076,0.10128105,0.1088379,0.11559,2.0,4.68,112.8,-0.87,0.0025,BTC 4H bearish trend,-2,-17.61,-4.67,0,price down + OI down: deleveraging,"near support, BTC bearish against long, RR1 >= 1.5, RR2 >= 2, funding ok, SMC bearish swing CHoCH, SMC discount zone, SMC bearish FVG",,,-2.0,swing bearish,swing bearish CHoCH 12 bars ago,discount,"SMC bearish swing CHoCH, SMC discount zone, SMC bearish FVG"
20260520_104205_EDENUSDT_LONG,2026-05-20T07:42:05.827616+00:00,EDENUSDT,long,0.07888,2,0.0784856 - 0.07903776,0.0344867,0.09494,0.1676666,0.36,2.0,106.2,23.29,0.005,BTC 4H bearish trend,-2,477.69,118.14,1,price up + OI up: long confirmation,"1D uptrend, 4H above EMA50, possible chase, BTC bearish against long, funding ok, OI confirms, SMC bullish internal BOS, SMC premium zone, SMC bullish FVG",,,1.0,swing bullish,internal bullish BOS 3 bars ago,premium,"SMC bullish internal BOS, SMC premium zone, SMC bullish FVG"
20260520_104205_SUIUSDT_LONG,2026-05-20T07:42:05.827616+00:00,SUIUSDT,long,1.0588,2,1.053506 - 1.0609176,1.004154,1.1545,1.168092,1.75,2.0,79.8,-2.62,0.01,BTC 4H bearish trend,-2,-8.38,1.42,0,price up + OI down: possible short squeeze,"near support, RSI not overheated, BTC bearish against long, RR1 >= 1.5, RR2 >= 2, funding ok, SMC bearish internal CHoCH, SMC bearish FVG",,,-3.0,swing bullish,internal bearish CHoCH 30 bars ago,equilibrium,"SMC bearish internal CHoCH, SMC bearish FVG"
20260520_104205_SOLUSDT_LONG,2026-05-20T07:42:05.827616+00:00,SOLUSDT,long,84.89,1,84.46555 - 85.05978,82.87355,88.9229,91.6,2.0,3.33,478.1,-0.6,0.01,BTC 4H bearish trend,-2,3.16,-1.35,-2,price down + OI up: long pressure,"near support, RSI not overheated, BTC bearish against long, RR1 >= 1.5, RR2 >= 2, funding ok, OI pressure, SMC bearish internal CHoCH, SMC discount zone, SMC bearish FVG",,,-2.0,swing bullish,internal bearish CHoCH 28 bars ago,discount,"SMC bearish internal CHoCH, SMC discount zone, SMC bearish FVG"
20260520_104205_ETHUSDT_SHORT,2026-05-20T07:42:05.827616+00:00,ETHUSDT,short,2132.4,11,2128.1352 - 2143.062,2275.75215,2076.19,1845.6957,0.39,2.0,1989.9,-0.34,0.0046,BTC 4H bearish trend,2,-7.1,-1.98,0,price down + OI down: long liquidation/deleveraging,"1D downtrend, 4H below EMA50, near resistance, RSI not oversold, BTC supportive for short, RR2 >= 2, funding ok, SMC bearish internal BOS, SMC discount zone, SMC bearish FVG",,,1.0,swing bearish,internal bearish BOS 14 bars ago,discount,"SMC bearish internal BOS, SMC discount zone, SMC bearish FVG"
20260520_104205_SOLUSDT_SHORT,2026-05-20T07:42:05.827616+00:00,SOLUSDT,short,84.89,9,84.72022 - 85.31445,92.058,83.29,70.554,0.22,2.0,478.1,-0.6,0.01,BTC 4H bearish trend,2,3.16,-1.35,1,price down + OI up: short confirmation,"4H below EMA50, near resistance, RSI not oversold, too close to support, BTC supportive for short, RR2 >= 2, funding ok, OI confirms, SMC bearish internal CHoCH, SMC discount zone, SMC bearish FVG",yes,,2.0,swing bullish,internal bearish CHoCH 28 bars ago,discount,"SMC bearish internal CHoCH, SMC discount zone, SMC bearish FVG"
20260520_104205_XRPUSDT_SHORT,2026-05-20T07:42:05.827616+00:00,XRPUSDT,short,1.3709,9,1.3681582 - 1.3777545,1.48338,1.347,1.14594,0.21,2.0,286.3,-1.19,0.01,BTC 4H bearish trend,2,15.59,-2.77,1,price down + OI up: short confirmation,"1D downtrend, 4H below EMA50, near resistance, too close to support, BTC supportive for short, RR2 >= 2, funding ok, OI confirms, SMC bearish swing BOS, SMC discount zone, SMC bearish FVG",yes,,1.0,swing bearish,swing bearish BOS 10 bars ago,discount,"SMC bearish swing BOS, SMC discount zone, SMC bearish FVG"
20260520_104205_XAUTUSDT_SHORT,2026-05-20T07:42:05.827616+00:00,XAUTUSDT,short,4481.1,9,4472.1378 - 4503.5055,4604.0055,4457.5,4235.289,0.19,2.0,102.4,-1.28,0.005,BTC 4H bearish trend,2,8.99,-0.93,0,OI neutral,"1D downtrend, 4H below EMA50, near resistance, RSI not oversold, too close to support, BTC supportive for short, RR2 >= 2, funding ok, SMC bearish internal BOS, SMC discount zone, SMC bearish FVG",,,1.0,swing bearish,internal bearish BOS 1 bars ago,discount,"SMC bearish internal BOS, SMC discount zone, SMC bearish FVG"
20260520_104205_SUIUSDT_SHORT,2026-05-20T07:42:05.827616+00:00,SUIUSDT,short,1.0588,9,1.0566824 - 1.064094,1.1602725,1.0092,0.855855,0.49,2.0,79.8,-2.62,0.01,BTC 4H bearish trend,2,-8.38,1.42,0,price up + OI down: short covering,"4H below EMA50, RSI not oversold, BTC supportive for short, RR2 >= 2, funding ok, SMC bearish internal CHoCH, SMC bearish FVG",yes,,3.0,swing bullish,internal bearish CHoCH 30 bars ago,equilibrium,"SMC bearish internal CHoCH, SMC bearish FVG"
20260520_104205_NEARUSDT_SHORT,2026-05-20T07:42:05.827616+00:00,NEARUSDT,short,1.6562,8,1.6528876 - 1.664481,1.72049429,1.52761143,1.4659,2.0,2.96,67.4,-0.22,0.01,BTC 4H bearish trend,2,-1.82,10.92,0,OI neutral,"near resistance, BTC supportive for short, RR1 >= 1.5, RR2 >= 2, funding ok, SMC bullish internal CHoCH, SMC premium zone, SMC bearish FVG",,,0.0,swing bearish,internal bullish CHoCH 9 bars ago,premium,"SMC bullish internal CHoCH, SMC premium zone, SMC bearish FVG"
20260520_104205_BTCUSDT_SHORT,2026-05-20T07:42:05.827616+00:00,BTCUSDT,short,77342.5,7,77187.815 - 77729.2125,81204.804,75999.9,69617.892,0.35,2.0,3078.5,0.25,0.0093,BTC 4H bearish trend,2,-0.13,-0.9,0,OI neutral,"4H below EMA50, near resistance, RSI not oversold, too close to support, BTC supportive for short, RR2 >= 2, funding ok, SMC bearish internal BOS, SMC discount zone, SMC bearish FVG",,,1.0,swing bearish,internal bearish BOS 14 bars ago,discount,"SMC bearish internal BOS, SMC discount zone, SMC bearish FVG"
20260520_104205_ONDOUSDT_SHORT,2026-05-20T07:42:05.827616+00:00,ONDOUSDT,short,0.3771,6,0.3763458 - 0.3789855,0.4018995,0.3328,0.327501,1.79,2.0,97.4,-2.73,-0.0025,BTC 4H bearish trend,2,-11.27,9.37,0,price up + OI down: short covering,"near resistance, RSI not oversold, BTC supportive for short, RR1 >= 1.5, RR2 >= 2, funding ok, SMC bullish internal CHoCH, SMC bullish FVG",,,-3.0,swing bullish,internal bullish CHoCH 8 bars ago,equilibrium,"SMC bullish internal CHoCH, SMC bullish FVG"
20260520_104205_BILLUSDT_SHORT,2026-05-20T07:42:05.827616+00:00,BILLUSDT,short,0.11437,6,0.11414126 - 0.11494185,0.238185,0.09588,-0.13326,0.15,2.0,62.9,-7.51,0.005,BTC 4H bearish trend,2,2.71,-23.42,0,OI neutral,"4H below EMA50, BTC supportive for short, RR2 >= 2, funding ok, SMC bearish internal BOS, SMC discount zone, SMC bearish FVG",,,1.0,internal bearish,internal bearish BOS 6 bars ago,discount,"SMC bearish internal BOS, SMC discount zone, SMC bearish FVG"
20260520_104205_DOGEUSDT_SHORT,2026-05-20T07:42:05.827616+00:00,DOGEUSDT,short,0.1038,5,0.1035924 - 0.104319,0.11616795,0.10179,0.0790641,0.16,2.0,112.8,-0.87,0.0025,BTC 4H bearish trend,2,-17.61,-4.66,0,price down + OI down: long liquidation/deleveraging,"4H below EMA50, too close to support, BTC supportive for short, RR2 >= 2, funding ok, SMC bearish swing CHoCH, SMC discount zone, SMC bearish FVG",,,2.0,swing bearish,swing bearish CHoCH 12 bars ago,discount,"SMC bearish swing CHoCH, SMC discount zone, SMC bearish FVG"
